planning_id,last_update_date,updated_within_year
265098,2026-03-19,yes
265096,2026-03-19,yes
265094,2026-03-19,yes
265091,2026-01-17,yes
265090,,no
265088,,no
265083,,no
265080,2026-03-10,yes
265081,,no
265076,2026-03-19,yes
265075,2026-03-28,yes
265074,,no
265072,2026-03-28,yes
265071,,no
265070,2026-02-28,yes
265069,2025-11-18,yes
265068,,no
265066,2026-02-21,yes
265063,2026-03-28,yes
265062,2026-03-28,yes
265061,2026-02-21,yes
265060,,no
265055,,no
265054,2026-03-28,yes
265046,2026-02-28,yes
265039,2026-03-10,yes
265038,2026-03-10,yes
265037,2026-03-10,yes
265035,2026-02-28,yes
310980,,no
310981,,no
265032,2026-03-10,yes
265029,2026-02-28,yes
9218,,no
310928,,no
310930,,no
307414,2026-04-03,yes
307420,,no
307422,,no
307424,,no
24402,,no
38969,,no
43788,,no
52233,,no
242337,2026-02-27,yes
57800,,no
57901,,no
310923,,no
310919,,no
310920,,no
61529,,no
247337,2026-03-19,yes
64084,,no
68421,,no
310914,,no
218088,2026-02-27,yes
77243,,no
218086,2026-03-09,yes
310851,,no
310873,2025-12-13,yes
310876,,no
310890,,no
310891,,no
310817,,no
310775,,no
80811,,no
80950,,no
85792,,no
85878,,no
85896,,no
85999,,no
86027,,no
86044,,no
218074,,no
90411,,no
90427,,no
90449,,no
90468,,no
93587,,no
96876,,no
98974,,no
100008,,no
100820,,no
100913,,no
103804,,no
108276,,no
108493,,no
109014,,no
112616,,no
112617,,no
244760,,no
244751,,no
244750,,no
116117,,no
117418,,no
117641,,no
117754,,no
117928,,no
118120,,no
119509,,no
119528,,no
121796,,no
121838,,no
122023,,no
122159,,no
122486,,no
122515,,no
124866,,no
124889,,no
124890,,no
124904,,no
128217,,no
128387,,no
128448,,no
128495,,no
128576,,no
129861,,no
129865,,no
129920,,no
134137,,no
134127,,no
131758,,no
131991,,no
132113,,no
132124,,no
134372,,no
134394,,no
134399,,no
134429,,no
134437,,no
134440,2026-04-05,yes
134441,2026-04-05,yes
134442,,no
135356,,no
135409,,no
136888,,no
136889,,no
140200,,no
140257,,no
140372,,no
140431,,no
140462,,no
140466,,no
140513,,no
140546,,no
141455,,no
141483,,no
141610,,no
141626,,no
141668,,no
144302,2026-02-14,yes
144305,,no
144321,,no
144322,2025-11-15,yes
144387,2026-02-21,yes
144389,,no
144412,,no
144416,2026-02-14,yes
145544,,no
145668,2025-11-16,yes
145671,2025-11-14,yes
145674,2026-02-14,yes
197318,,no
146001,2025-11-14,yes
146214,2026-03-19,yes
146570,,no
243964,2026-03-19,yes
243955,2026-02-21,yes
243952,2026-02-14,yes
148657,2026-02-14,yes
243936,,no
150006,2026-03-19,yes
150015,2026-02-28,yes
150091,2026-02-21,yes
150146,2026-02-28,yes
150246,2025-11-17,yes
150420,2025-11-14,yes
243902,,no
152583,2026-02-28,yes
152674,2026-02-28,yes
152801,2026-03-19,yes
152808,2026-03-19,yes
152838,,no
152856,2026-03-10,yes
152857,2025-11-14,yes
154039,2026-02-28,yes
154040,2026-02-14,yes
243876,,no
154917,2026-03-19,yes
154946,2026-02-14,yes
154951,,no
154976,2025-11-16,yes
154979,2026-03-19,yes
154990,2026-02-21,yes
214262,,no
156078,2026-02-14,yes
156177,2026-03-19,yes
156338,2026-02-21,yes
157386,2026-03-19,yes
157491,,no
157497,,no
157513,2026-03-28,yes
157573,2026-02-28,yes
157611,2026-02-28,yes
197320,2026-02-28,yes
214238,2026-03-19,yes
214237,,no
158561,2026-03-19,yes
158592,2026-02-14,yes
159527,2025-11-16,yes
159529,,no
159539,2025-11-16,yes
214162,,no
160491,2026-02-28,yes
160566,2026-02-28,yes
160594,2026-02-21,yes
160618,2026-02-28,yes
161429,2026-03-19,yes
161430,2026-02-28,yes
161431,2026-03-19,yes
161432,2026-02-28,yes
161440,2026-02-28,yes
161459,2025-11-16,yes
162661,2026-02-14,yes
162672,,no
162676,2026-03-19,yes
162681,2026-03-19,yes
162684,,no
162685,2026-02-14,yes
163660,2026-02-28,yes
163696,2026-02-28,yes
163717,2026-03-19,yes
163728,2026-03-19,yes
163766,2026-03-19,yes
163774,2026-03-19,yes
163789,,no
165004,2026-03-19,yes
165129,2026-02-21,yes
165175,,no
165188,2026-03-19,yes
165190,,no
165211,2026-02-28,yes
165306,2026-03-19,yes
165314,2026-02-28,yes
165317,2026-03-19,yes
165319,2026-02-21,yes
165485,2025-11-16,yes
165487,,no
165580,2025-11-16,yes
165693,2026-03-19,yes
165722,,no
165752,2026-03-19,yes
165942,2026-03-19,yes
165980,2025-11-19,yes
165988,2026-02-14,yes
166001,2026-02-14,yes
166018,,no
166046,2026-03-19,yes
213960,2026-03-19,yes
169322,2026-03-19,yes
169452,,no
169523,2026-03-19,yes
169572,2026-02-28,yes
169614,2026-03-19,yes
169625,,no
169631,2026-01-10,yes
169643,2026-02-14,yes
169647,2026-03-19,yes
169654,2026-02-28,yes
171614,,no
171622,2026-02-14,yes
171635,,no
171640,2026-03-19,yes
171709,2026-02-21,yes
171710,2026-02-21,yes
171729,2026-03-01,yes
213727,,no
252412,,no
174698,,no
174750,2026-03-01,yes
174772,2026-02-21,yes
174773,2026-02-21,yes
174787,2026-02-21,yes
174788,2026-02-14,yes
174792,,no
174803,2026-02-14,yes
175087,,no
175134,2026-02-21,yes
213567,2026-02-28,yes
175289,,no
175293,2026-03-10,yes
175313,2026-03-01,yes
175326,2026-03-19,yes
175437,,no
175456,2026-02-15,yes
175460,2026-03-01,yes
175461,,no
175468,2026-03-01,yes
175480,2026-01-17,yes
176587,,no
176597,2026-02-14,yes
176608,2026-03-01,yes
243863,2026-03-28,yes
243864,2026-03-28,yes
178625,2026-03-19,yes
179834,,no
179846,2026-03-28,yes
179849,2026-02-28,yes
179882,,no
179903,2026-03-10,yes
179945,,no
179946,,no
179947,2026-03-28,yes
180351,2026-02-28,yes
180370,2026-02-28,yes
180373,2026-03-19,yes
180392,2026-02-14,yes
180410,,no
180412,,no
180510,,no
180558,,no
180572,,no
180718,2026-02-28,yes
181723,2026-03-19,yes
181730,,no
181736,2026-03-28,yes
181738,2026-02-28,yes
244735,,no
181895,,no
181926,2026-03-28,yes
182017,2025-11-16,yes
183683,2026-03-10,yes
183684,,no
183685,,no
183753,,no
183777,,no
184089,2026-03-19,yes
184115,2026-02-28,yes
184124,,no
184137,2026-02-28,yes
184140,2026-03-19,yes
184169,2026-02-28,yes
184320,2026-03-19,yes
184333,,no
251932,,no
185489,,no
185551,,no
185749,2025-11-16,yes
185753,2025-11-16,yes
185806,,no
185809,,no
185811,,no
185917,,no
185918,2026-03-10,yes
240954,2026-03-19,yes
240947,2026-03-10,yes
251917,2026-03-19,yes
197315,2026-02-28,yes
187594,,no
188060,,no
188098,,no
188135,,no
188165,,no
189210,,no
189232,2026-03-19,yes
189242,2026-02-15,yes
189296,2026-03-01,yes
189306,2026-03-10,yes
189308,2026-03-01,yes
189316,2026-02-15,yes
189323,2026-03-19,yes
189330,2026-03-01,yes
189332,2026-03-10,yes
189349,2026-03-19,yes
189352,,no
189358,2026-03-19,yes
189359,2026-03-19,yes
189361,2026-03-01,yes
189372,2026-03-10,yes
189373,2026-03-01,yes
189379,2026-03-10,yes
189388,2026-03-19,yes
189410,,no
189455,2025-11-29,yes
189478,,no
240778,2026-03-09,yes
189907,2025-11-18,yes
189917,2026-03-19,yes
274105,2026-03-19,yes
189949,2026-02-14,yes
189978,,no
190075,,no
190076,,no
190124,,no
190132,,no
251893,2026-03-19,yes
190802,2026-02-14,yes
190811,,no
190813,2026-03-19,yes
190924,2026-03-19,yes
190940,,no
190960,,no
191042,2026-01-17,yes
191064,2026-03-19,yes
251881,,no
251877,2026-03-19,yes
191489,2026-03-28,yes
191525,2026-03-19,yes
251872,,no
194498,2026-02-28,yes
197311,2026-02-21,yes
191592,2026-02-28,yes
244724,,no
251861,,no
251860,,no
192100,,no
192101,,no
192105,2026-03-28,yes
192112,2026-03-10,yes
192220,,no
192233,,no
192242,2026-03-28,yes
192248,2026-03-19,yes
192253,2026-03-19,yes
251845,2026-02-28,yes
192649,2026-03-28,yes
192650,2026-03-19,yes
313409,,no
192742,,no
192869,2026-02-28,yes
192871,,no
240761,,no
240756,,no
251836,,no
251832,2026-03-10,yes
240744,,no
193345,,no
193350,2026-03-19,yes
193360,,no
244715,,no
193592,2026-02-14,yes
260605,,no
251825,2026-02-21,yes
251823,2026-02-28,yes
251821,,no
194063,2026-02-28,yes
194098,2026-03-10,yes
194118,,no
194123,,no
244707,,no
194837,2026-03-19,yes
194859,2026-02-14,yes
194863,,no
195096,2026-03-10,yes
195167,2026-02-28,yes
195168,,no
195458,,no
196237,2026-03-19,yes
196269,2026-02-14,yes
196281,2026-02-28,yes
196283,2026-03-10,yes
196286,2026-02-14,yes
196392,2026-02-14,yes
196394,2026-02-14,yes
196497,,no
197144,2026-02-14,yes
197172,2026-03-19,yes
197173,,no
197209,,no
197325,2026-02-21,yes
197860,2026-03-19,yes
197883,2026-03-19,yes
197953,,no
198141,,no
198238,,no
198243,2026-03-19,yes
199116,,no
199119,2026-02-14,yes
199123,2026-03-19,yes
199164,2026-03-28,yes
199196,,no
199684,2026-02-28,yes
199693,2026-02-14,yes
199694,,no
199709,2026-03-10,yes
199721,2026-03-19,yes
199778,,no
199787,,no
199788,2025-11-22,yes
199823,,no
199849,,no
200785,2026-03-19,yes
200794,2026-03-28,yes
200815,2026-02-28,yes
200817,,no
200822,2026-03-28,yes
200830,,no
200833,,no
200840,2026-03-28,yes
200841,2026-03-19,yes
200842,2026-03-19,yes
200843,2026-03-19,yes
200849,2026-02-28,yes
200952,,no
200967,2026-03-28,yes
201006,2026-03-28,yes
201023,2026-03-28,yes
201668,,no
201678,,no
201680,,no
201865,2026-03-19,yes
201882,,no
201909,2026-03-19,yes
201932,2026-03-19,yes
201963,2026-03-28,yes
201973,2026-02-21,yes
201974,2026-02-14,yes
202008,2026-03-28,yes
260519,2026-03-28,yes
202536,,no
202538,,no
202542,2026-03-19,yes
202564,2026-03-10,yes
202567,2026-02-21,yes
202571,2026-02-21,yes
202576,2026-02-21,yes
202589,2026-02-14,yes
202640,,no
202693,2026-02-14,yes
202710,,no
260518,,no
202788,2026-03-28,yes
202957,2026-03-19,yes
203889,,no
203909,2026-03-19,yes
203949,,no
210522,,no
306196,2026-01-24,yes
204532,2026-03-28,yes
204533,2026-02-21,yes
204607,,no
204666,2026-02-14,yes
204768,2026-02-28,yes
205302,2026-03-19,yes
205310,2026-02-14,yes
205586,2026-02-14,yes
205823,,no
306195,,no
206496,2026-02-21,yes
206508,2026-02-28,yes
206509,2026-02-28,yes
206520,,no
206616,2026-03-28,yes
206626,,no
206628,,no
207299,,no
240343,2026-03-10,yes
329477,2026-02-20,yes
208111,2026-02-14,yes
208118,2026-03-19,yes
208122,2026-02-14,yes
208144,2026-03-19,yes
208157,,no
208177,,no
240247,,no
208302,2026-02-28,yes
208330,2026-02-27,yes
208387,,no
260449,,no
247607,2026-02-27,yes
208499,2026-03-19,yes
208500,2026-03-10,yes
208504,2026-03-19,yes
208655,2026-02-28,yes
399613,,no
208874,2026-02-28,yes
208881,2026-03-19,yes
208882,,no
208883,,no
208887,2026-03-19,yes
209496,2026-03-19,yes
209498,,no
209518,,no
209522,,no
209529,,no
209538,2026-03-10,yes
209552,2026-03-19,yes
209563,2026-02-14,yes
209761,,no
209763,,no
209833,2026-02-28,yes
209834,2026-03-28,yes
209835,2026-02-28,yes
209836,,no
209841,2026-03-19,yes
210526,,no
210531,,no
210569,,no
210758,,no
210836,2026-03-19,yes
210937,2026-03-10,yes
210944,,no
399555,2026-03-27,yes
399556,2026-04-03,yes
211397,2026-02-28,yes
211398,,no
211399,2026-03-10,yes
211400,2026-03-10,yes
211402,2026-03-19,yes
211404,2026-02-28,yes
211405,2026-03-19,yes
211406,2026-02-28,yes
211411,2026-03-10,yes
399537,,no
212434,,no
212439,,no
212456,2026-02-28,yes
212461,2026-02-14,yes
212467,,no
212470,2026-03-10,yes
212472,2026-02-28,yes
212490,2026-02-14,yes
212496,2026-02-28,yes
399527,2026-04-03,yes
213378,2026-02-21,yes
213386,,no
214648,,no
214650,2026-03-09,yes
214670,,no
214710,,no
214712,2026-03-19,yes
214728,,no
214729,,no
214760,2026-02-27,yes
215299,,no
215300,,no
215328,2026-02-14,yes
215330,2026-03-28,yes
215333,2026-02-21,yes
215340,,no
215367,,no
215369,2026-03-19,yes
215384,2026-02-27,yes
215421,2026-03-28,yes
216074,,no
216093,,no
216095,,no
216142,2026-02-27,yes
216143,,no
216148,2025-11-18,yes
216155,2026-02-14,yes
216335,2026-03-19,yes
216337,,no
216339,2026-03-19,yes
216360,2026-02-14,yes
216394,,no
216994,,no
217079,2026-03-09,yes
217109,,no
217110,,no
217193,2026-03-09,yes
217509,,no
218251,2026-03-28,yes
218537,,no
218548,2026-02-27,yes
218856,,no
218945,2026-03-28,yes
219641,2026-02-27,yes
219648,2026-02-27,yes
219649,2026-02-14,yes
219666,2026-02-21,yes
219672,2026-03-09,yes
219673,,no
219674,,no
219693,,no
219707,,no
220658,,no
220661,,no
220688,2026-03-09,yes
220696,,no
220834,2026-02-21,yes
221495,2026-03-09,yes
221497,2026-03-09,yes
221524,,no
221538,,no
221652,,no
222504,2026-03-28,yes
222519,2026-02-14,yes
222521,2026-03-28,yes
222525,2026-03-19,yes
222548,2026-02-27,yes
222550,2026-02-21,yes
222551,2026-02-21,yes
222554,2026-03-28,yes
222596,,no
223390,,no
223393,2026-03-09,yes
223395,2026-02-27,yes
223401,2026-02-21,yes
223408,2026-02-14,yes
223409,2026-03-19,yes
223418,,no
223449,2026-02-14,yes
310682,,no
223505,,no
223510,,no
223539,,no
223540,,no
223554,,no
223602,,no
223624,,no
247602,2026-02-21,yes
259361,2026-01-17,yes
224743,2026-02-14,yes
238462,,no
256031,2026-02-21,yes
255230,,no
238465,,no
225499,,no
256016,,no
239479,2026-03-28,yes
225554,2026-02-28,yes
225556,2026-02-28,yes
225602,,no
225603,,no
225607,2026-02-14,yes
225706,,no
225740,2026-03-09,yes
226005,,no
226074,,no
226701,2026-03-28,yes
226736,,no
226744,2026-03-09,yes
226766,,no
226816,2026-02-14,yes
226901,2026-03-19,yes
226907,2026-03-09,yes
227273,2026-03-09,yes
228419,2026-02-28,yes
228476,,no
228493,,no
228512,,no
228644,,no
228648,2026-02-14,yes
228662,,no
228694,,no
229923,,no
229949,2026-03-19,yes
229951,,no
230011,,no
230076,,no
230081,2026-03-09,yes
258377,2025-11-17,yes
230410,,no
231294,2026-02-14,yes
231304,,no
231322,2026-02-28,yes
231367,2026-03-28,yes
231372,2026-03-19,yes
231379,,no
231432,,no
231435,,no
243414,,no
231906,,no
231920,2026-02-28,yes
232054,,no
243376,2026-02-28,yes
255201,,no
232696,2026-03-19,yes
233189,,no
233224,,no
233225,,no
233230,,no
233501,,no
233560,,no
255978,,no
238524,2026-02-28,yes
243292,,no
238497,,no
238451,,no
238455,,no
238452,2026-03-19,yes
234152,2026-03-19,yes
234154,,no
234162,,no
234174,,no
234181,,no
234204,,no
234209,2026-03-09,yes
234502,2026-03-28,yes
234614,,no
255962,,no
234760,,no
234843,,no
234854,,no
234859,2026-02-28,yes
243264,,no
243261,,no
235076,,no
252063,2026-01-17,yes
235107,,no
235110,2026-03-19,yes
235161,,no
243254,2026-02-14,yes
243250,,no
235463,,no
235471,2026-03-09,yes
235890,2026-03-09,yes
235902,2026-02-14,yes
235920,2026-02-28,yes
236031,2026-02-27,yes
236834,,no
236841,,no
236844,,no
258375,,no
258376,2025-11-17,yes
237630,,no
237634,2026-03-28,yes
237639,2026-03-19,yes
237647,2026-02-21,yes
237673,,no
237674,,no
237679,2026-03-09,yes
237753,2026-03-28,yes
255125,,no
255124,,no
240145,,no
238552,2026-03-19,yes
238557,2026-02-14,yes
238641,2026-03-28,yes
238877,2026-02-21,yes
238952,,no
239425,,no
239433,2026-02-28,yes
239434,2026-03-19,yes
240769,2026-02-21,yes
239994,2026-02-14,yes
239971,,no
239969,2026-02-28,yes
239968,2026-03-28,yes
242250,2026-03-19,yes
241612,,no
241572,2026-03-19,yes
241566,,no
241545,,no
241515,2026-03-19,yes
241502,,no
241496,2026-03-28,yes
252003,2026-03-28,yes
241659,2026-03-19,yes
241666,2026-02-28,yes
260362,2026-02-21,yes
241740,2026-02-14,yes
241741,2026-02-14,yes
241742,,no
258374,2025-11-17,yes
242377,2026-02-28,yes
242388,2026-03-28,yes
242432,2026-03-19,yes
242463,,no
242466,2026-03-19,yes
242469,,no
260358,2026-03-10,yes
262104,,no
246810,2026-03-19,yes
246807,,no
262096,2026-02-28,yes
262095,2026-03-10,yes
246688,,no
262083,2026-03-28,yes
262077,2026-03-19,yes
262076,2026-03-19,yes
262074,2026-02-28,yes
244971,2026-03-19,yes
244987,2026-02-28,yes
245020,,no
245021,,no
245051,2026-02-28,yes
245092,2026-03-19,yes
245101,2026-03-28,yes
245170,,no
262067,2026-03-28,yes
262066,,no
262059,2026-03-19,yes
262055,2026-03-19,yes
262052,,no
262051,,no
262047,2026-03-19,yes
245912,2026-03-10,yes
245915,,no
245920,,no
245922,2026-02-14,yes
245941,2026-03-19,yes
245945,,no
245995,,no
246004,,no
246013,,no
310742,,no
310744,,no
246095,2026-02-21,yes
246097,2026-03-19,yes
246117,2026-03-19,yes
246126,2026-02-21,yes
246131,,no
246166,2026-02-21,yes
246171,,no
247506,2026-02-28,yes
247509,,no
247520,2026-03-10,yes
247525,,no
247535,2026-03-19,yes
247538,,no
247549,,no
247650,2026-02-14,yes
247651,2026-03-19,yes
247675,,no
247681,2026-03-28,yes
247686,2026-03-09,yes
247693,2026-03-09,yes
247698,,no
247702,,no
247735,2026-02-21,yes
247744,2026-02-21,yes
247745,2026-02-28,yes
247746,2026-02-28,yes
247786,2026-03-09,yes
247811,2026-02-27,yes
247819,2026-02-14,yes
247902,2026-03-28,yes
247946,2026-02-21,yes
247952,2026-03-19,yes
247953,2026-02-28,yes
247955,2026-03-09,yes
247966,2026-02-21,yes
247989,2026-03-19,yes
247997,,no
248059,,no
248061,2026-03-28,yes
248148,,no
248161,,no
248162,2026-02-21,yes
248172,2026-02-14,yes
248197,2026-03-28,yes
248273,2026-02-28,yes
248308,2026-02-28,yes
248309,2026-03-28,yes
248310,,no
248351,2026-02-14,yes
248372,2026-03-10,yes
248373,2026-03-28,yes
248403,2026-02-28,yes
248424,2026-02-28,yes
248451,2026-03-10,yes
248505,2026-02-28,yes
248514,,no
248515,2026-03-19,yes
248524,2026-03-28,yes
248588,2026-03-19,yes
248620,2025-12-06,yes
248649,,no
248650,,no
248652,,no
248653,,no
248655,,no
248656,2026-02-28,yes
248685,,no
248687,2026-01-17,yes
248689,2026-02-28,yes
248690,2026-03-19,yes
248691,,no
248727,2026-02-21,yes
248739,,no
248740,2026-03-28,yes
248742,2026-03-19,yes
248744,,no
248747,2026-03-19,yes
248751,2026-02-28,yes
248755,2026-02-28,yes
248757,2026-02-28,yes
248758,,no
248759,2026-02-28,yes
248771,2026-03-19,yes
248780,2026-03-19,yes
248782,2026-02-14,yes
248783,2026-02-28,yes
248785,,no
248786,,no
248807,2026-03-19,yes
248824,,no
248827,2026-03-10,yes
248828,,no
248829,2026-02-28,yes
248830,2026-03-19,yes
248848,2026-02-14,yes
248849,2026-03-10,yes
248850,2026-03-19,yes
248851,2026-03-28,yes
248895,,no
248898,2026-03-19,yes
248906,2026-02-28,yes
248908,,no
248924,2026-03-28,yes
248941,2026-02-28,yes
248961,2026-02-14,yes
248979,,no
248998,2026-02-21,yes
249010,2026-02-28,yes
249021,,no
249099,,no
249321,2026-02-28,yes
252666,,no
252671,,no
252672,2026-03-10,yes
252676,,no
252682,,no
252686,,no
252689,2025-11-17,yes
252696,2026-03-10,yes
252732,,no
252754,,no
252765,2025-11-17,yes
252803,,no
252815,,no
252816,2026-02-27,yes
252818,2026-03-09,yes
252819,,no
252820,2026-02-21,yes
252821,,no
252823,2026-02-27,yes
252827,2026-02-27,yes
252828,2026-02-27,yes
252829,2026-02-27,yes
252831,2026-02-21,yes
252833,,no
252834,,no
252835,,no
252838,2026-02-27,yes
252843,2026-02-21,yes
252845,2026-03-19,yes
252848,2026-03-19,yes
252849,,no
252850,2026-03-28,yes
252852,2026-01-17,yes
252853,,no
252856,2026-03-28,yes
252857,2026-02-27,yes
252858,2026-03-09,yes
252860,,no
252861,2026-02-27,yes
252862,,no
252865,2026-03-28,yes
252870,2026-04-05,yes
252871,2026-03-19,yes
252874,,no
252875,,no
252876,2026-02-27,yes
252879,2026-03-19,yes
252883,,no
252885,2026-03-09,yes
252887,2026-02-21,yes
252890,2026-03-19,yes
252892,2026-02-14,yes
252895,2026-03-19,yes
252896,,no
252897,2026-02-27,yes
252898,2026-03-19,yes
252899,,no
252901,2026-02-27,yes
252903,2026-03-19,yes
252906,,no
252910,,no
252918,,no
252927,2026-03-19,yes
252931,2026-02-21,yes
252942,,no
252943,2026-02-27,yes
252945,2026-02-14,yes
252946,,no
252949,2026-03-28,yes
252954,,no
252959,2026-02-21,yes
252960,2026-02-21,yes
252966,,no
252973,,no
252974,2026-03-09,yes
252975,2026-03-28,yes
252976,,no
252980,,no
252983,2026-02-14,yes
252986,2026-03-28,yes
252989,2026-02-27,yes
252995,2026-03-28,yes
252997,,no
253000,,no
253001,2026-02-28,yes
253003,2026-02-21,yes
253008,,no
253014,,no
253015,2026-02-28,yes
253020,2026-02-28,yes
253024,,no
253026,2026-02-28,yes
253027,2026-03-19,yes
253028,2026-02-28,yes
253032,2026-02-14,yes
253034,2026-03-19,yes
253035,2026-02-27,yes
253053,2026-03-19,yes
253055,2026-03-19,yes
253057,,no
253068,,no
253070,2026-03-19,yes
253074,,no
253075,2026-02-21,yes
253076,,no
253086,2026-03-19,yes
253101,2026-03-28,yes
253102,2026-03-19,yes
253105,2026-02-27,yes
253113,2026-02-27,yes
253117,2026-02-27,yes
253118,2026-02-14,yes
253122,2026-03-19,yes
253134,2026-02-27,yes
253138,2026-02-21,yes
253140,2026-02-27,yes
253146,2026-03-09,yes
253147,2026-03-19,yes
253153,2026-02-27,yes
253154,,no
253157,2026-02-28,yes
253158,2026-02-14,yes
253159,,no
253161,2026-03-09,yes
253166,2026-02-28,yes
253167,2026-03-28,yes
253168,,no
253171,2026-03-19,yes
253172,2026-03-09,yes
253181,,no
253184,2026-03-19,yes
253185,,no
253188,2026-02-28,yes
253190,2026-02-28,yes
253193,2026-03-09,yes
253196,,no
253198,2026-03-28,yes
253200,2026-03-09,yes
253209,2026-02-14,yes
253217,2026-02-21,yes
253219,2026-02-28,yes
253221,2026-03-09,yes
253226,,no
253228,2026-03-19,yes
253230,2026-02-28,yes
253231,2026-02-28,yes
253234,2026-02-28,yes
253237,2026-03-19,yes
253238,2026-03-28,yes
253240,2026-02-21,yes
253251,2026-03-19,yes
253257,2026-03-19,yes
253260,,no
253262,2026-03-28,yes
253263,,no
253265,2026-02-21,yes
253267,2026-03-19,yes
253268,,no
253271,2026-03-19,yes
253273,2026-02-21,yes
253274,2026-03-28,yes
253275,2026-03-19,yes
253284,2026-03-28,yes
253296,2026-02-21,yes
253305,,no
253308,2026-02-28,yes
253315,,no
253316,2026-02-28,yes
253317,,no
253327,,no
253328,,no
253332,2026-02-14,yes
253337,,no
253345,2026-03-09,yes
253349,2026-02-28,yes
253350,,no
253353,2026-01-17,yes
253355,,no
253356,2026-03-28,yes
253357,,no
253371,2026-02-14,yes
253378,2026-03-28,yes
253379,,no
253382,2026-03-28,yes
253386,,no
253388,2026-03-19,yes
253396,,no
253397,2026-02-14,yes
253400,,no
253405,,no
253410,2026-02-28,yes
253417,2026-02-28,yes
253430,,no
253431,,no
253433,,no
253434,2026-03-19,yes
253437,2026-02-14,yes
253438,2026-02-28,yes
253439,,no
253441,2026-02-28,yes
253444,2026-02-14,yes
253445,,no
253446,2026-03-09,yes
253452,2026-02-28,yes
253453,2026-02-28,yes
253454,,no
253458,2026-02-21,yes
253459,,no
253464,,no
253467,2026-02-28,yes
253470,2026-03-28,yes
253477,,no
253478,2026-03-19,yes
253482,2026-02-21,yes
253486,2026-02-28,yes
253487,2026-01-17,yes
253488,2026-03-19,yes
253492,2026-02-28,yes
253495,,no
253496,2026-03-28,yes
253499,,no
253501,2026-03-19,yes
253502,2026-03-19,yes
253503,,no
253504,2026-03-19,yes
253506,,no
253515,2026-02-28,yes
253516,,no
253517,,no
253518,,no
253519,,no
253524,2026-03-10,yes
253536,2026-02-28,yes
253537,2026-03-19,yes
253539,2026-03-28,yes
253540,2026-03-19,yes
253543,2026-03-28,yes
253544,,no
253545,2026-02-28,yes
253552,2026-03-19,yes
253553,2026-02-14,yes
253556,2026-02-28,yes
253565,,no
253566,2026-02-14,yes
253567,2026-03-28,yes
253568,2026-02-21,yes
253573,2026-02-28,yes
253574,,no
253580,2026-03-28,yes
253584,,no
253587,2026-02-28,yes
253589,2026-02-28,yes
253593,,no
253604,2026-02-28,yes
253606,2026-03-19,yes
253609,,no
253610,2026-03-10,yes
253614,2026-03-19,yes
253615,,no
253617,,no
253618,2026-02-14,yes
253627,2026-03-28,yes
253631,,no
253632,2026-02-14,yes
253633,2026-03-19,yes
253647,2026-02-28,yes
253653,,no
253663,2026-03-19,yes
253666,2026-02-21,yes
253669,,no
253672,2026-02-28,yes
253678,2026-03-19,yes
253682,,no
253683,,no
253691,2026-03-19,yes
253756,2025-11-17,yes
253758,2026-03-28,yes
253759,2026-03-10,yes
253778,2026-03-10,yes
253789,,no
253793,,no
253805,2026-03-19,yes
253806,2026-02-28,yes
254085,2025-11-17,yes
254246,,no
258551,2026-02-28,yes
258533,2026-03-10,yes
258529,,no
254961,,no
255046,,no
255053,2026-02-28,yes
255062,,no
255066,,no
255079,,no
255088,2026-02-28,yes
256667,2026-03-28,yes
256673,,no
256674,2026-02-28,yes
256676,2026-03-10,yes
256686,2026-03-10,yes
261446,,no
256700,,no
256705,2026-02-28,yes
256718,2026-03-10,yes
256721,2026-03-19,yes
256736,,no
256750,,no
261443,2026-02-21,yes
261442,,no
261440,,no
261441,,no
256802,,no
256855,2025-11-16,yes
256857,2026-02-28,yes
256994,2026-03-10,yes
257101,,no
257104,,no
257195,,no
257201,,no
257203,,no
257204,2026-03-19,yes
257291,,no
257294,2026-03-19,yes
257375,,no
257384,,no
257388,2026-03-28,yes
257457,,no
261419,2026-02-14,yes
257674,2025-11-17,yes
257676,2026-02-28,yes
261407,2026-03-10,yes
261405,2026-03-28,yes
259418,,no
259419,2026-03-19,yes
259422,,no
259424,,no
259432,,no
259433,,no
259434,,no
259435,2026-03-10,yes
259438,,no
259441,,no
259444,2026-03-10,yes
259449,,no
259465,,no
259469,,no
259484,,no
259505,,no
259517,2026-02-28,yes
259541,,no
260328,2026-03-10,yes
260327,2026-02-14,yes
260326,,no
405886,2026-02-07,yes
260320,2026-02-21,yes
260318,2026-03-19,yes
260317,,no
260308,,no
260312,2026-03-28,yes
260314,,no
262717,,no
262730,,no
262731,,no
262734,,no
262738,,no
262739,,no
262745,,no
262747,2026-03-28,yes
262757,2026-03-28,yes
262776,,no
262780,2026-02-20,yes
262788,,no
262834,2026-03-19,yes
262841,,no
262845,,no
262857,,no
262863,,no
262952,,no
263314,,no
263345,2026-03-09,yes
265105,2025-11-19,yes
265107,,no
265110,,no
265114,2026-03-19,yes
265117,2026-03-19,yes
265120,2026-03-19,yes
265121,2026-02-28,yes
265125,2026-02-27,yes
265126,2026-02-28,yes
265127,,no
265859,,no
265861,,no
265913,2026-03-20,yes
266029,2026-03-28,yes
266106,,no
266110,,no
266118,,no
266196,2026-03-19,yes
266364,2026-02-27,yes
266440,2026-01-03,yes
266653,2026-02-14,yes
266658,2026-02-21,yes
266660,2026-03-19,yes
266664,2026-02-21,yes
266670,,no
266706,,no
266707,,no
266725,2026-02-28,yes
266727,,no
266732,2026-03-19,yes
266762,2026-03-28,yes
266793,2026-02-14,yes
266794,,no
266799,2026-03-19,yes
266806,2026-02-28,yes
266821,2026-02-21,yes
266826,2026-03-19,yes
266837,2026-02-21,yes
266841,,no
266854,2026-03-19,yes
266856,2026-03-19,yes
266857,2026-03-10,yes
266859,2026-03-19,yes
266860,2026-02-21,yes
266865,2026-03-19,yes
266880,2026-02-21,yes
266883,,no
266886,,no
266895,2026-03-19,yes
266896,2026-03-19,yes
266899,2026-02-28,yes
266902,,no
266905,2026-02-28,yes
266907,2026-03-19,yes
266910,2026-02-28,yes
266912,2026-02-28,yes
266917,,no
266921,2026-02-21,yes
266923,,no
266924,,no
266925,2026-03-28,yes
266926,2026-03-10,yes
266927,2026-03-10,yes
266932,,no
266935,,no
266936,2026-03-19,yes
266938,2026-02-28,yes
266944,2026-02-28,yes
266961,2026-03-28,yes
266971,2026-02-28,yes
266975,2026-02-28,yes
266980,2026-02-21,yes
266992,,no
266993,2026-03-19,yes
266996,2026-02-21,yes
266999,,no
267010,2026-03-19,yes
267011,2026-02-28,yes
267013,2026-03-10,yes
267018,2026-03-19,yes
267021,2026-02-28,yes
267026,2026-02-28,yes
267031,2026-03-10,yes
267033,2026-02-28,yes
267037,,no
267038,2026-02-21,yes
267039,2026-02-28,yes
267041,,no
267045,,no
267047,2026-03-19,yes
267048,,no
267054,,no
267058,2026-03-10,yes
267061,2026-03-19,yes
267063,,no
267068,2026-03-19,yes
267077,,no
267078,2026-03-10,yes
267081,,no
267082,,no
267084,2026-03-19,yes
267085,2026-02-28,yes
267090,2026-03-19,yes
267092,,no
267094,,no
267095,2026-03-19,yes
267100,2026-02-14,yes
267102,2026-03-28,yes
267107,,no
267108,,no
267113,2026-02-21,yes
267123,2026-03-19,yes
267127,2026-02-28,yes
267129,2026-02-28,yes
267130,2026-03-19,yes
267131,2026-03-28,yes
267133,2026-03-19,yes
267136,,no
267137,,no
267138,2026-03-19,yes
267141,2026-02-21,yes
267152,,no
267153,2026-02-14,yes
267155,,no
267158,2026-02-28,yes
267160,,no
267162,,no
267166,,no
267175,2026-02-14,yes
267178,2026-03-09,yes
267180,2026-03-19,yes
267181,,no
267184,2026-03-19,yes
267185,,no
267190,2026-03-19,yes
267195,,no
267198,2025-11-17,yes
267654,2026-03-19,yes
267660,2026-03-19,yes
267668,2026-03-19,yes
267679,2026-03-10,yes
267681,2026-03-10,yes
267683,2026-03-10,yes
267706,2026-03-28,yes
267707,2026-03-19,yes
267708,2026-03-19,yes
267709,2026-03-28,yes
267710,2026-03-19,yes
267711,2026-03-28,yes
267715,,no
267739,2026-02-21,yes
267745,2026-02-21,yes
267747,2026-02-21,yes
267748,2026-02-21,yes
267752,,no
267754,,no
267757,2026-02-21,yes
267760,2026-02-21,yes
267763,2026-02-21,yes
267764,,no
267765,2026-02-21,yes
267769,,no
267770,2026-02-21,yes
267772,2026-02-21,yes
267775,2026-02-21,yes
267776,2026-02-21,yes
267778,2026-02-21,yes
267781,,no
267782,2026-02-21,yes
267785,2026-02-21,yes
267791,2026-02-21,yes
267792,2026-01-17,yes
267794,2026-02-21,yes
267795,2026-02-21,yes
267796,2026-02-21,yes
267797,2026-02-21,yes
267798,2026-02-21,yes
267815,2026-02-20,yes
267819,2026-03-19,yes
267826,,no
267828,2026-03-19,yes
267848,2026-03-10,yes
267850,,no
267853,2026-03-10,yes
267856,2026-03-10,yes
267857,2026-03-10,yes
267858,2026-03-10,yes
267859,,no
267860,2026-03-10,yes
267862,2026-03-10,yes
267865,2026-03-10,yes
267867,2026-03-10,yes
267868,2026-03-10,yes
267869,,no
267871,2026-03-10,yes
267874,,no
267875,2026-03-10,yes
267878,,no
267896,2026-02-14,yes
267903,2026-02-14,yes
267907,2026-02-14,yes
267908,2026-02-14,yes
267913,,no
267915,2026-02-14,yes
267916,2026-02-14,yes
267917,2026-02-14,yes
267918,2026-02-14,yes
267920,2026-02-14,yes
267922,2026-02-14,yes
267930,,no
267952,2026-02-28,yes
267954,2026-02-28,yes
267955,2026-02-28,yes
267959,2026-02-28,yes
267961,2026-02-28,yes
267964,2026-02-28,yes
267970,2026-02-28,yes
267971,2026-02-28,yes
267975,2026-02-28,yes
267978,2026-02-28,yes
267981,2026-02-28,yes
267983,2026-02-28,yes
267990,,no
267993,2026-02-28,yes
267995,2026-02-28,yes
267997,,no
267998,2026-02-28,yes
267999,2026-02-28,yes
268000,2026-02-28,yes
268001,2026-02-28,yes
268002,2026-02-28,yes
268005,2026-02-27,yes
268013,,no
268018,,no
268020,,no
268031,,no
268037,2026-02-28,yes
268042,2026-02-28,yes
268048,2026-02-27,yes
268052,,no
268055,2026-02-27,yes
268059,2026-03-19,yes
268060,2026-03-19,yes
268061,2026-03-19,yes
268064,2026-03-19,yes
268067,2026-03-19,yes
268070,2026-03-19,yes
268075,2026-03-19,yes
268076,2026-03-19,yes
268077,2026-03-19,yes
268078,2026-03-19,yes
268079,2026-03-19,yes
268131,2026-02-21,yes
268132,2026-03-19,yes
268134,2026-02-14,yes
268136,2026-03-28,yes
268140,2026-02-28,yes
268154,2026-03-10,yes
268155,2026-02-28,yes
268156,2026-02-21,yes
268159,2026-02-21,yes
268162,2026-01-17,yes
268164,,no
268165,2026-02-21,yes
268166,2026-03-28,yes
268167,2026-03-28,yes
268173,,no
268174,,no
268175,2026-02-21,yes
268177,,no
268178,2026-03-28,yes
268187,2025-12-06,yes
268190,2026-02-27,yes
268192,,no
268195,2026-03-28,yes
268200,2026-02-27,yes
268206,,no
268208,2026-03-19,yes
268216,,no
268219,,no
268228,,no
268229,2026-02-20,yes
268235,,no
268236,2026-03-28,yes
268238,,no
268239,2026-02-27,yes
268254,,no
268255,,no
268257,2026-03-19,yes
268266,,no
268278,2026-03-28,yes
268283,,no
268972,2026-02-14,yes
268977,,no
268988,,no
269000,,no
269024,,no
269094,2026-02-14,yes
269115,,no
269126,2026-03-19,yes
269133,,no
269134,,no
269135,2026-02-20,yes
269138,2026-03-28,yes
269147,,no
269150,,no
269166,2026-02-21,yes
269167,2025-11-22,yes
269169,2026-03-19,yes
269182,2026-03-10,yes
269183,2026-03-19,yes
269187,2026-03-28,yes
269188,,no
269194,,no
269195,2026-02-27,yes
269198,2026-03-28,yes
269206,,no
269211,,no
270052,2026-03-10,yes
270063,,no
270095,2025-11-16,yes
270111,2026-03-19,yes
270115,2026-02-27,yes
270117,2026-03-09,yes
270655,2026-02-27,yes
270658,,no
270659,2026-03-19,yes
270660,,no
270663,2026-03-19,yes
270673,,no
270686,,no
270689,2026-03-19,yes
270694,,no
270723,2026-03-09,yes
270733,,no
270755,,no
270773,,no
270823,,no
270898,2026-03-28,yes
270922,2026-03-19,yes
270933,,no
270935,2026-02-27,yes
270959,2026-03-28,yes
270962,2026-03-20,yes
270994,2026-03-19,yes
271602,,no
271609,2026-02-14,yes
271664,,no
271687,,no
271689,,no
271698,,no
271700,2026-02-14,yes
272183,2026-03-28,yes
272191,,no
272193,2026-03-19,yes
272230,2026-03-28,yes
272235,,no
272255,,no
272257,,no
272262,,no
272274,,no
272309,,no
272361,,no
272403,,no
272406,,no
273061,,no
273112,,no
273115,,no
273215,,no
273249,2026-03-20,yes
273254,2026-03-28,yes
273294,,no
273300,,no
273304,,no
273310,2026-03-28,yes
273322,,no
273341,2026-02-27,yes
273922,2026-03-09,yes
273935,,no
273941,,no
274005,,no
274016,,no
274021,,no
274033,,no
274039,2025-11-29,yes
274070,,no
274107,2026-03-19,yes
274108,2026-03-10,yes
274110,2026-03-28,yes
274122,2025-11-17,yes
274123,2025-11-17,yes
274174,2026-03-20,yes
274195,2026-03-19,yes
274196,,no
274230,2026-02-14,yes
310727,,no
310728,2026-03-28,yes
310725,,no
274787,2026-02-20,yes
274797,2026-03-09,yes
274807,,no
274829,,no
274840,,no
274868,,no
274878,2026-02-27,yes
274882,,no
274913,,no
274932,,no
274945,2026-03-10,yes
274951,2026-03-10,yes
274952,,no
274974,2026-02-20,yes
310723,,no
275014,2026-03-19,yes
275577,2026-02-27,yes
275600,,no
275601,,no
275608,2026-03-09,yes
275649,,no
275652,,no
275659,2026-03-09,yes
275680,2026-02-20,yes
275706,2026-03-28,yes
275791,2026-03-19,yes
275792,,no
275807,2026-03-10,yes
275810,,no
275948,2026-03-20,yes
275961,2026-02-27,yes
275973,,no
275983,2026-03-19,yes
275996,2026-03-09,yes
276020,2026-03-20,yes
276049,,no
276050,,no
276054,2026-03-28,yes
276664,2026-03-19,yes
276693,2026-03-09,yes
276702,,no
276711,,no
276713,2026-03-09,yes
276760,,no
276818,2026-03-19,yes
276820,,no
276822,,no
276824,,no
276830,,no
276831,2026-02-14,yes
276839,2026-02-28,yes
276842,2025-11-17,yes
276847,,no
277396,2026-03-09,yes
277419,2026-03-28,yes
277519,2026-03-10,yes
277535,2026-03-28,yes
277562,2026-03-19,yes
277633,,no
277876,,no
277884,2026-03-20,yes
278297,2026-02-28,yes
278303,2026-02-21,yes
278347,2026-03-28,yes
278348,,no
400343,2025-12-17,yes
278388,2026-02-14,yes
278438,2026-03-28,yes
278521,2026-03-19,yes
278522,2026-03-20,yes
310720,,no
310721,,no
278653,,no
278654,,no
310719,,no
400320,2026-01-31,yes
279550,,no
279552,,no
279596,2026-03-09,yes
279597,,no
310707,,no
310708,,no
310709,,no
310710,,no
279629,2026-03-28,yes
279630,,no
279671,,no
279675,,no
279709,,no
279717,2026-03-09,yes
279733,2026-03-28,yes
279781,,no
279787,2026-02-28,yes
279788,2026-03-19,yes
279789,2026-02-28,yes
279791,2026-03-10,yes
279792,2026-03-10,yes
279793,2026-03-28,yes
279804,2026-03-19,yes
279806,2026-03-28,yes
279862,2026-03-20,yes
311767,,no
311787,,no
311788,,no
311789,,no
280441,,no
280484,,no
280520,,no
280687,,no
280691,2026-04-11,yes
280692,,no
280694,2026-02-21,yes
280696,,no
280698,2026-03-28,yes
280799,,no
280884,,no
280886,,no
311743,,no
311703,,no
311707,2026-03-28,yes
311708,,no
311711,,no
311715,,no
311718,,no
311722,,no
311723,2025-12-13,yes
311725,,no
311726,,no
311731,,no
311732,,no
311733,,no
281147,,no
310698,,no
281682,,no
281695,,no
281696,,no
281712,2026-03-28,yes
281730,2026-02-27,yes
281732,2026-02-27,yes
281733,,no
281760,2026-03-09,yes
281771,2025-12-21,yes
281772,2026-03-28,yes
281773,,no
281774,2026-02-14,yes
281802,,no
281804,,no
281836,,no
281877,2026-02-14,yes
281914,,no
400248,2026-04-03,yes
281967,,no
282046,,no
282132,,no
282139,,no
282232,,no
282238,,no
282253,,no
282336,2026-03-19,yes
282337,,no
282384,2026-03-28,yes
282409,,no
282410,2026-01-17,yes
282420,2026-03-19,yes
282429,,no
282446,,no
282447,,no
282459,2026-03-19,yes
282460,,no
282465,,no
282467,,no
282469,2026-03-28,yes
282479,2026-03-28,yes
282481,,no
282487,,no
282496,,no
282510,2026-02-20,yes
282514,,no
282515,,no
282527,2026-02-27,yes
282531,,no
282532,,no
282533,,no
282534,,no
282543,,no
282548,,no
282551,,no
282574,2026-04-03,yes
282575,2026-03-20,yes
282604,,no
282605,2026-03-28,yes
282639,,no
282648,2026-02-27,yes
282670,2026-02-20,yes
282689,,no
282708,2026-03-19,yes
282732,2026-02-27,yes
282737,2026-02-27,yes
282796,,no
282886,,no
282887,,no
283222,,no
283226,,no
283227,,no
283312,2026-02-20,yes
283322,,no
283333,,no
283342,2026-03-28,yes
391131,2025-10-22,yes
284112,,no
284114,,no
284115,2026-03-19,yes
284125,,no
284131,,no
284225,2025-12-13,yes
284297,,no
284302,,no
284313,,no
284314,,no
284323,,no
284389,,no
284391,2026-03-19,yes
284394,,no
284460,,no
284472,,no
284545,,no
284636,,no
285315,2026-02-27,yes
285317,2026-02-27,yes
285488,,no
285500,2026-02-20,yes
285506,2026-03-19,yes
286030,,no
286056,,no
286060,2026-03-28,yes
286063,,no
286064,,no
286065,,no
286078,,no
286079,2026-03-28,yes
286745,,no
286747,,no
286748,,no
286755,,no
286758,2026-02-27,yes
286765,,no
286766,,no
286770,2026-03-28,yes
286774,,no
286775,,no
286776,,no
286785,2026-03-19,yes
286786,,no
286787,2026-03-09,yes
286796,,no
286797,2026-03-28,yes
286883,,no
286900,,no
286915,,no
286917,2026-02-14,yes
286941,,no
286970,2026-03-28,yes
286972,,no
286974,,no
286978,,no
286979,,no
286980,2026-03-28,yes
286982,,no
286983,2026-01-17,yes
286986,,no
287343,,no
287346,,no
287351,,no
287399,,no
287497,2026-03-19,yes
287501,2026-02-21,yes
287504,,no
287511,,no
287512,2026-03-28,yes
287516,2026-02-20,yes
287519,,no
287522,,no
287528,,no
287903,2026-03-09,yes
287939,,no
287949,,no
287982,,no
287998,,no
288000,2026-03-28,yes
288019,,no
288033,,no
288036,2026-03-09,yes
288585,,no
288630,,no
288631,,no
288921,,no
288928,2026-02-27,yes
288929,,no
288932,,no
288935,,no
288940,,no
288941,,no
288942,,no
288950,,no
288954,,no
288955,,no
288956,,no
288958,,no
288959,,no
288976,,no
288980,,no
288985,,no
288986,,no
288989,,no
288991,,no
288992,2026-03-28,yes
288996,,no
289000,,no
289007,,no
289480,,no
289498,,no
289503,,no
289510,,no
289521,,no
289522,,no
289529,2026-03-28,yes
289536,2026-03-28,yes
289549,2026-03-28,yes
289555,,no
289575,2026-03-28,yes
289581,2026-03-09,yes
289583,,no
289604,,no
289606,,no
289610,,no
289619,,no
289622,,no
289629,2025-12-21,yes
289639,2026-03-28,yes
289651,,no
289665,,no
289668,,no
289675,,no
289676,,no
289677,2026-03-28,yes
289678,,no
289679,,no
289681,,no
289686,2026-03-28,yes
290268,,no
290273,,no
290314,2026-03-09,yes
290343,,no
290359,2026-02-07,yes
290834,,no
290856,,no
290861,,no
290869,2026-03-19,yes
290873,,no
391106,2025-10-23,yes
290953,,no
290961,,no
290990,,no
291520,2026-02-27,yes
291521,,no
291522,,no
291526,,no
291656,,no
291657,,no
291663,2026-03-20,yes
291667,,no
291669,,no
291685,,no
291694,,no
291715,2026-03-28,yes
291724,,no
292267,,no
292269,2026-03-28,yes
292272,,no
292287,2026-03-09,yes
292293,,no
292329,2026-03-28,yes
292330,2026-03-28,yes
292344,,no
292352,,no
292353,,no
292355,,no
292357,,no
292361,2026-03-20,yes
292362,,no
292363,,no
292364,,no
292373,,no
292378,,no
292390,,no
292404,,no
292408,2026-01-17,yes
292409,2026-03-28,yes
292415,,no
292416,2026-03-28,yes
292422,,no
292427,,no
292471,,no
293314,,no
293336,,no
293338,2026-02-21,yes
293345,,no
293352,,no
293354,,no
293359,,no
293369,,no
293401,,no
293402,,no
293428,2026-02-27,yes
293444,,no
293446,2025-12-13,yes
293450,2026-03-09,yes
293451,,no
293467,2026-03-28,yes
293485,,no
293487,,no
293558,,no
293777,2026-03-28,yes
293784,,no
293785,,no
293790,,no
293791,2026-03-28,yes
293792,,no
293796,2026-03-28,yes
293799,2026-03-28,yes
293811,,no
293817,,no
293823,,no
294319,,no
294325,,no
294335,,no
294336,,no
294341,,no
294386,,no
294388,,no
294395,,no
294399,,no
294438,,no
391079,2025-11-29,yes
294452,,no
391075,,no
294472,,no
294478,2026-02-14,yes
294483,,no
294484,2025-11-22,yes
294485,,no
294964,2026-03-20,yes
294965,,no
294972,,no
294975,,no
294977,2026-03-28,yes
294980,2026-03-19,yes
295014,2026-03-19,yes
295016,2025-12-13,yes
295017,2026-02-21,yes
295030,2026-03-20,yes
295037,,no
295044,,no
295053,,no
295070,,no
295080,,no
295118,2026-03-28,yes
295125,,no
295139,,no
295148,,no
295152,,no
295159,,no
295659,,no
295662,,no
295728,,no
295743,,no
295750,,no
295762,,no
295763,,no
295777,,no
295783,,no
295822,,no
295823,,no
295824,,no
295879,,no
296309,,no
296310,,no
296311,,no
296375,,no
391049,2025-10-23,yes
296413,,no
296429,,no
296436,,no
296935,2026-02-14,yes
296936,,no
296942,2026-02-27,yes
296945,,no
296951,2026-03-19,yes
296969,,no
297000,,no
297038,,no
297089,,no
297096,,no
297098,,no
297103,,no
297104,,no
297106,2026-03-28,yes
297109,,no
297110,,no
297111,2026-03-28,yes
297117,,no
310697,,no
297671,,no
297696,2026-03-28,yes
297709,,no
297710,,no
297713,,no
297727,2026-03-28,yes
297729,,no
297747,,no
297749,,no
297775,,no
297785,,no
297817,,no
297819,,no
297821,,no
297823,,no
299033,,no
298949,,no
391005,,no
298258,,no
298265,2026-03-28,yes
298366,,no
298391,,no
299678,,no
299707,2026-03-20,yes
299850,,no
299853,,no
299855,,no
299864,,no
299870,2026-03-28,yes
299926,2026-02-07,yes
299934,,no
299965,,no
299970,,no
299983,,no
300014,,no
300022,2026-03-22,yes
300023,,no
300042,,no
300043,2026-03-28,yes
300069,,no
310694,,no
301145,2025-12-21,yes
301148,,no
301149,,no
301150,,no
301152,,no
301154,,no
301156,,no
301157,,no
301158,2026-03-28,yes
301159,,no
301161,2026-03-28,yes
301168,2026-03-28,yes
301169,,no
301200,,no
301231,,no
301232,,no
301288,,no
301290,,no
301328,,no
301330,,no
302007,,no
302008,,no
302010,,no
302014,,no
302015,2026-03-28,yes
302018,,no
302019,,no
302021,,no
302027,,no
302036,2026-03-28,yes
302038,,no
302040,,no
302043,,no
302047,,no
302048,,no
302763,,no
302766,,no
302768,,no
302770,,no
302776,,no
302780,,no
302781,,no
302783,,no
302785,2026-01-17,yes
302788,,no
302793,,no
302794,,no
302795,,no
302798,,no
302799,,no
302803,,no
302805,,no
302808,,no
302811,,no
302812,,no
302814,,no
302817,,no
302818,,no
302819,,no
302824,,no
302832,,no
302834,,no
302837,,no
303430,,no
303431,2026-03-28,yes
303432,,no
303433,,no
303434,,no
303435,,no
303444,,no
303445,,no
303446,,no
303452,,no
303458,,no
303460,,no
303465,,no
303467,,no
303513,,no
303537,,no
303551,,no
303553,,no
303554,,no
303561,,no
303569,,no
303583,,no
303594,,no
303595,,no
303596,,no
303605,,no
303610,,no
303619,,no
304062,,no
304065,,no
304071,,no
304072,,no
304078,,no
304079,,no
304080,,no
304094,,no
304127,,no
304128,,no
304145,2025-11-29,yes
304155,,no
304159,,no
304735,,no
304737,,no
304739,2026-01-17,yes
304750,,no
304751,,no
304758,,no
304766,,no
304767,,no
304770,,no
304772,,no
304773,,no
304776,,no
304780,,no
304784,,no
304785,,no
304796,,no
304798,,no
304800,,no
304872,,no
304858,,no
305537,,no
304886,2026-03-19,yes
304893,,no
304899,,no
304900,,no
305569,,no
305610,,no
305583,,no
305511,,no
305490,,no
305580,,no
305557,,no
305442,2025-11-16,yes
305543,,no
305431,,no
305425,,no
305420,2025-11-16,yes
305419,2025-11-16,yes
305418,,no
305535,,no
306174,,no
306172,,no
306160,,no
306133,,no
306126,,no
306113,,no
306143,,no
306123,,no
306120,,no
306199,,no
306219,,no
307279,,no
307283,,no
307293,,no
307294,,no
307299,,no
307300,,no
307301,,no
307307,,no
307312,,no
307313,,no
307314,,no
307319,,no
307326,,no
307332,,no
307334,,no
307338,,no
307348,,no
307350,,no
307351,,no
307352,,no
307355,,no
307356,,no
307358,,no
307369,,no
307371,,no
307450,,no
307945,,no
307964,,no
308047,,no
308124,,no
308152,,no
308155,,no
308157,,no
308177,,no
308193,,no
308202,,no
308224,,no
308237,,no
308272,2026-02-07,yes
308497,,no
309344,,no
309349,,no
309353,,no
309370,,no
309396,,no
309398,,no
309471,,no
309502,,no
309504,,no
309505,,no
309506,,no
309551,,no
309563,,no
309599,,no
309611,,no
309625,,no
309626,,no
309627,,no
309633,,no
309644,,no
309645,,no
309665,,no
309763,,no
309822,,no
311047,,no
311120,,no
311121,2026-04-03,yes
311138,,no
311139,,no
311143,,no
311160,2025-11-29,yes
311172,,no
311173,,no
311193,,no
311194,,no
311195,,no
311197,,no
311918,,no
311919,,no
311927,2025-11-16,yes
311931,,no
311934,,no
311938,,no
311965,,no
311971,,no
311974,,no
311977,,no
311980,,no
311986,,no
311993,,no
311998,,no
311999,,no
312008,,no
312015,,no
312027,,no
312033,,no
312040,,no
312059,,no
312077,,no
312229,,no
312237,,no
313416,,no
313453,2026-03-19,yes
313482,,no
313539,,no
313556,,no
313569,,no
313577,2026-03-20,yes
314023,,no
314040,,no
314046,,no
314047,,no
314048,,no
314065,,no
314150,,no
314177,,no
314181,,no
314186,,no
314217,,no
314226,,no
314240,,no
314245,,no
314262,,no
314263,,no
314264,2026-02-27,yes
314293,,no
314297,,no
315253,,no
315257,,no
315258,,no
315261,,no
315310,,no
315360,,no
315363,,no
315392,,no
315508,,no
315589,,no
315610,,no
315620,,no
315625,,no
315645,,no
315652,,no
315661,,no
315706,,no
315707,,no
315708,,no
315741,,no
315757,,no
315786,,no
315788,,no
315789,,no
316689,,no
316695,,no
316696,2026-01-31,yes
316846,,no
316857,,no
316869,,no
316871,,no
316872,,no
316884,2026-01-11,yes
316892,,no
316895,,no
316907,,no
316911,,no
316915,,no
316921,,no
316922,,no
316928,,no
317455,,no
317458,,no
317459,,no
317649,,no
317658,,no
317703,2026-04-03,yes
317705,,no
317716,,no
317719,,no
317724,,no
317730,,no
317740,,no
317741,,no
317752,,no
317753,,no
317754,,no
317768,,no
317780,,no
317828,2025-11-17,yes
317872,,no
317912,,no
317913,,no
317914,,no
317929,,no
317931,,no
317933,,no
317958,,no
317960,,no
317962,,no
317994,,no
317996,,no
318008,,no
318010,,no
318015,,no
318018,,no
318026,,no
318028,,no
318030,,no
318031,,no
318040,,no
319460,,no
319463,,no
319501,,no
319529,,no
319545,,no
319546,,no
319573,,no
319574,,no
319578,,no
319594,,no
399679,,no
320505,,no
320507,,no
320508,,no
320509,,no
320522,,no
320534,,no
320535,,no
320544,,no
320561,,no
320584,,no
320623,,no
320659,,no
320679,,no
320692,,no
320693,,no
320716,,no
320719,,no
320741,,no
320750,,no
320754,,no
320759,,no
320760,,no
320769,,no
320775,,no
320783,,no
320784,,no
320794,2025-11-22,yes
320800,,no
320801,,no
320802,,no
320834,,no
320858,,no
320875,,no
320876,,no
321571,,no
321572,,no
321579,,no
321580,,no
321581,,no
321582,,no
321591,,no
321597,,no
321613,,no
321637,,no
321638,,no
321659,,no
321685,,no
321715,2026-02-20,yes
321725,,no
321727,,no
321733,,no
321764,,no
321788,,no
321824,,no
321885,,no
321889,,no
321926,,no
321931,,no
322036,,no
322289,,no
322360,,no
322470,,no
322665,,no
322703,,no
322727,,no
322738,,no
323444,,no
323445,,no
323446,,no
323449,,no
323457,,no
323460,,no
323462,,no
323499,,no
323601,,no
323680,,no
323690,,no
323692,,no
323732,,no
324294,,no
324295,,no
324301,,no
324302,,no
324303,,no
324307,,no
324311,,no
324317,,no
324319,,no
324511,,no
324551,2026-03-09,yes
324555,,no
324572,,no
324586,,no
324588,,no
324595,,no
324603,,no
324610,,no
324620,,no
324669,,no
325584,,no
325611,,no
325645,,no
325672,,no
325682,,no
325697,,no
325714,,no
325721,,no
325850,,no
325873,,no
325926,2026-03-20,yes
325964,,no
326013,,no
326055,,no
326057,,no
326061,,no
326134,,no
326246,,no
326336,,no
326337,,no
326338,,no
326413,,no
326426,,no
326502,,no
326713,,no
326714,,no
327006,,no
327024,,no
327055,,no
327394,,no
327468,,no
327579,,no
327621,,no
328097,2026-01-17,yes
328098,,no
328105,,no
328112,,no
328113,,no
328127,,no
328132,,no
328200,2026-01-17,yes
328205,,no
328218,,no
328221,,no
328222,,no
328721,,no
328749,,no
328753,,no
328759,2026-02-20,yes
328760,,no
328761,,no
328762,,no
328766,,no
328898,2026-03-20,yes
328901,,no
329333,,no
329338,,no
329340,,no
329347,,no
329348,,no
329349,,no
329453,,no
329956,,no
329974,,no
329985,,no
329995,,no
329999,2026-03-20,yes
330009,,no
330035,,no
330071,,no
330077,,no
330078,,no
330079,,no
330080,2026-04-03,yes
330089,,no
330092,,no
330550,,no
330551,,no
330556,,no
330566,,no
330570,,no
330571,,no
330573,,no
330574,2025-11-22,yes
330651,,no
330654,,no
330656,,no
330659,2025-12-06,yes
330662,,no
330664,,no
330670,,no
330671,,no
330676,2026-04-11,yes
330724,,no
331225,,no
331245,,no
331258,,no
331272,,no
331343,,no
331347,,no
331350,,no
331355,,no
331877,,no
331929,,no
331950,,no
332006,,no
332009,,no
332013,,no
332022,,no
332024,,no
332025,,no
332545,,no
332546,,no
332552,,no
332558,,no
405821,2026-04-03,yes
333184,,no
333204,,no
333207,,no
333222,2026-03-09,yes
333223,,no
333228,,no
333233,,no
333271,,no
333275,,no
333339,,no
333340,,no
333341,,no
333344,,no
333351,,no
333353,,no
333360,,no
333384,,no
333414,,no
333437,,no
334261,,no
334299,,no
334333,,no
334337,,no
334351,,no
334352,2026-03-19,yes
334354,,no
334356,,no
334418,,no
334424,,no
334534,,no
334535,,no
334547,,no
334548,,no
334553,,no
334556,,no
334558,,no
334569,,no
334656,,no
334962,,no
334964,,no
334967,,no
334969,,no
334970,,no
335033,,no
335035,,no
335036,,no
335037,,no
335050,,no
335337,,no
335373,,no
335374,,no
335375,,no
335409,,no
335417,,no
335422,,no
335454,,no
335787,,no
335792,,no
335793,,no
335854,,no
335855,,no
335860,,no
335864,,no
335874,,no
335876,2026-04-03,yes
335878,,no
336304,,no
336308,,no
336328,2026-02-07,yes
336330,,no
336334,,no
336347,,no
336405,,no
336407,,no
336408,,no
336658,,no
336684,,no
336718,,no
337271,,no
337279,,no
337303,,no
337305,,no
337313,,no
337317,,no
337327,,no
337329,,no
337332,,no
337333,,no
337338,,no
337373,2026-02-27,yes
337424,,no
337427,2026-04-11,yes
337428,,no
337433,,no
337435,,no
337440,,no
337450,,no
337457,,no
337940,2026-02-14,yes
337944,,no
337971,,no
337979,,no
337981,2026-01-17,yes
337982,,no
338013,2026-04-03,yes
338015,2026-02-27,yes
338062,,no
338066,,no
338075,,no
338109,,no
338393,,no
338394,,no
338396,,no
338398,,no
338423,,no
338458,,no
338463,2026-01-24,yes
338977,,no
339039,,no
339042,,no
339044,,no
339050,,no
339051,,no
339082,,no
339093,2026-01-31,yes
339148,,no
339150,,no
339827,2025-12-12,yes
339878,,no
339881,2025-11-29,yes
339891,,no
339893,,no
339896,,no
339897,,no
339904,,no
339905,,no
339918,2025-11-22,yes
339942,,no
340568,2025-11-19,yes
340569,,no
340570,2025-11-19,yes
340614,2026-04-03,yes
340624,,no
340630,,no
340633,,no
340644,,no
340647,,no
340648,,no
340675,,no
340692,,no
340742,,no
340749,,no
340754,,no
340768,,no
341005,2025-11-19,yes
341008,,no
341012,,no
341091,,no
341173,,no
341479,,no
341593,,no
341595,,no
341649,,no
341661,2025-11-19,yes
341746,,no
341757,2026-01-24,yes
342166,,no
342192,2026-01-06,yes
342214,,no
342215,2026-03-28,yes
342856,,no
342866,2025-11-19,yes
342868,,no
342874,2025-11-29,yes
342889,,no
342945,,no
342946,,no
342948,,no
342950,,no
342951,,no
342952,,no
342966,,no
342967,,no
342981,,no
343544,,no
343551,,no
343552,,no
343553,2026-04-03,yes
343556,,no
343557,,no
343559,,no
343569,2026-01-06,yes
343572,,no
343575,,no
343576,,no
343601,,no
343615,,no
343616,,no
343618,,no
343621,,no
343627,,no
343628,,no
344702,,no
344706,,no
344707,2026-04-03,yes
344810,,no
344811,,no
344815,,no
344826,,no
344833,,no
344834,,no
344835,,no
344836,,no
344837,,no
344847,,no
344851,,no
344854,,no
344860,,no
344878,,no
344920,,no
345038,,no
345050,,no
345464,,no
345502,,no
345524,2025-11-29,yes
345584,,no
345587,,no
346198,2026-03-19,yes
346204,,no
346213,,no
346299,,no
346316,,no
346378,,no
346379,,no
346385,,no
346959,,no
346963,,no
346964,,no
347022,,no
347023,2025-11-22,yes
347087,,no
347144,2026-01-31,yes
347723,,no
347724,,no
347729,,no
347735,,no
347739,,no
347742,,no
347788,,no
347792,2025-11-22,yes
347829,,no
347847,,no
347893,,no
347894,2026-02-07,yes
348392,,no
348405,,no
348407,,no
348408,,no
348411,,no
348413,,no
348430,,no
348472,2025-11-29,yes
348473,2025-11-29,yes
348489,,no
348491,,no
348496,,no
348573,,no
349162,,no
349163,,no
349179,,no
349210,,no
349217,,no
349218,,no
349231,,no
349239,,no
349262,,no
349296,,no
349299,,no
349302,,no
349308,,no
349797,2026-03-28,yes
349801,,no
349804,2026-01-17,yes
349879,,no
349956,,no
349958,,no
349968,,no
350453,,no
350470,,no
350471,,no
350489,,no
350523,,no
350527,,no
350530,2025-11-29,yes
350540,,no
350576,2026-01-11,yes
350578,,no
350583,,no
350584,2025-11-22,yes
350585,,no
351157,,no
351162,2025-11-17,yes
351163,,no
351164,,no
351168,,no
351170,2025-11-16,yes
351173,2025-11-20,yes
351175,,no
351193,,no
351264,,no
351309,,no
351809,,no
351870,,no
351907,,no
351908,,no
352340,,no
352345,,no
352348,,no
352349,,no
352365,2025-11-22,yes
352398,,no
352403,,no
352463,,no
353171,,no
353173,,no
353177,,no
353186,,no
353187,,no
353191,2025-12-21,yes
353201,2025-11-29,yes
353255,,no
353287,,no
405542,2026-03-13,yes
353409,,no
353410,,no
354068,,no
354069,,no
354072,,no
354079,,no
354082,,no
354083,,no
354084,,no
354087,,no
354093,,no
354095,,no
354113,,no
354126,,no
354159,2025-12-21,yes
354224,,no
354231,,no
354272,,no
354357,,no
354359,,no
354362,,no
354363,,no
354394,,no
354395,,no
354705,,no
354708,2026-02-14,yes
354710,2026-02-20,yes
354759,,no
354761,,no
354777,,no
355186,,no
355207,2025-11-29,yes
355212,,no
355244,,no
355319,2025-11-29,yes
355320,,no
355324,,no
355583,2025-12-13,yes
355600,,no
355601,2026-03-09,yes
355649,2026-02-07,yes
355650,,no
355653,,no
355654,,no
355656,,no
355687,,no
356000,2026-03-19,yes
356069,,no
356070,,no
356375,,no
356378,,no
356379,,no
356386,,no
356418,,no
356423,,no
357109,,no
357115,,no
357172,,no
357233,,no
357239,,no
357772,,no
357788,,no
357817,2026-01-11,yes
357818,2025-12-07,yes
357869,,no
357876,,no
357897,,no
357898,,no
357899,,no
357930,,no
357938,,no
357940,,no
357946,,no
357947,,no
357948,,no
357949,2026-01-31,yes
358484,,no
358486,,no
358489,,no
358492,,no
358495,,no
358496,,no
358547,,no
358549,,no
358588,,no
358612,2026-03-20,yes
358613,,no
358620,2026-01-17,yes
358624,,no
358626,,no
358628,,no
358632,,no
359216,,no
359217,,no
359219,,no
359220,,no
359224,,no
359226,,no
359232,,no
359241,,no
359271,,no
359286,,no
359298,,no
359366,,no
359952,,no
359960,,no
359961,,no
359964,,no
359978,2026-03-20,yes
360009,,no
360092,,no
360093,,no
360095,,no
360099,,no
360598,,no
360606,2025-11-17,yes
360609,,no
360628,,no
360669,,no
360675,,no
360715,,no
360741,2026-03-20,yes
360744,2026-01-31,yes
360747,,no
360749,,no
360756,,no
360758,,no
360760,,no
360761,,no
360767,,no
360768,,no
360769,,no
360772,,no
361006,,no
361029,,no
362073,,no
362093,,no
362094,,no
362096,,no
362139,,no
362269,,no
362306,,no
362310,2026-03-19,yes
362320,,no
362322,,no
362327,,no
362335,,no
362339,,no
362340,,no
362341,,no
362343,,no
362344,,no
362660,,no
362662,,no
362669,,no
362670,2026-03-09,yes
362671,,no
362673,,no
362688,,no
362696,2026-03-19,yes
362702,,no
362707,2026-02-07,yes
362718,,no
363211,,no
363212,,no
363218,,no
363219,,no
363220,,no
363291,,no
363416,,no
363469,,no
363479,2026-02-14,yes
363480,2026-02-14,yes
363495,2026-01-04,yes
363503,,no
364034,,no
364086,,no
364143,2026-03-19,yes
364146,,no
364157,2026-04-03,yes
364159,,no
364161,,no
364167,,no
364172,,no
364736,,no
364742,,no
364811,,no
364814,,no
364815,,no
364816,,no
364821,,no
364822,,no
364892,,no
364893,,no
365506,,no
365514,,no
365549,,no
365580,,no
365586,,no
365590,,no
365593,,no
365595,,no
365599,,no
365600,,no
366298,,no
366299,,no
366316,,no
366402,,no
366408,,no
366417,,no
366465,,no
366466,,no
366494,2026-04-03,yes
366501,,no
366507,,no
366513,,no
366514,,no
366515,,no
367107,,no
367108,,no
367165,,no
367224,2025-10-23,yes
367751,,no
367755,2026-01-17,yes
367756,2026-01-17,yes
367762,2026-01-17,yes
367763,,no
367764,,no
367783,2026-02-20,yes
367843,,no
367847,,no
367891,,no
367923,,no
367927,,no
367929,,no
367930,,no
367931,,no
367934,,no
367935,,no
367936,2025-12-13,yes
367981,2026-04-03,yes
367982,,no
368082,,no
368423,2025-11-29,yes
368483,2026-04-03,yes
368484,,no
368501,2025-12-13,yes
368700,,no
368704,2025-11-29,yes
368712,,no
368772,,no
368879,,no
368977,2026-02-20,yes
368982,2026-03-27,yes
368986,2026-03-27,yes
368988,,no
369086,,no
369696,,no
369698,,no
369721,2025-10-22,yes
369743,2025-11-29,yes
369748,,no
369785,2026-02-14,yes
369786,,no
369808,,no
369820,,no
369823,,no
369826,2026-04-03,yes
369829,2025-10-22,yes
369832,2025-10-22,yes
369835,2025-10-22,yes
369836,2025-11-04,yes
370333,,no
370336,2026-03-20,yes
370339,2025-10-22,yes
370853,2025-10-22,yes
370917,2026-03-27,yes
370919,2026-01-10,yes
370926,2025-10-10,yes
370930,2025-10-22,yes
371304,2025-10-22,yes
371336,2026-03-27,yes
371380,2026-03-20,yes
371381,2025-10-22,yes
371385,2026-01-10,yes
371386,2025-11-29,yes
371389,2025-10-22,yes
371395,2025-10-22,yes
371396,2025-10-22,yes
371877,2025-10-22,yes
371885,2025-10-22,yes
372339,2025-10-22,yes
373112,2025-10-22,yes
373116,2025-12-13,yes
373120,2025-10-22,yes
373123,,no
373124,2026-01-10,yes
373126,2025-10-23,yes
373151,2025-10-23,yes
373153,2025-10-23,yes
373155,2026-03-09,yes
373156,2025-12-21,yes
373212,2025-10-23,yes
373214,2025-10-22,yes
373218,2025-10-23,yes
373224,2026-01-16,yes
373306,,no
373313,,no
373315,2025-10-09,yes
373316,2026-01-16,yes
373317,2026-01-16,yes
373323,2025-10-23,yes
373359,2026-01-16,yes
373360,2025-10-23,yes
373438,2025-10-10,yes
373442,2025-10-23,yes
373469,2025-10-22,yes
373484,2025-10-09,yes
373485,2025-10-23,yes
373486,2025-10-09,yes
373491,2025-10-23,yes
373495,2025-10-23,yes
373515,,no
373547,2025-10-23,yes
373548,2025-10-23,yes
373550,2026-02-14,yes
373641,,no
373654,,no
373655,,no
373659,,no
373662,2026-01-17,yes
373675,,no
373681,,no
373694,,no
373700,,no
373738,,no
373748,,no
373749,,no
373793,,no
373916,2025-10-23,yes
374044,2025-10-23,yes
374222,2026-01-16,yes
374241,2025-10-08,yes
374253,2025-10-23,yes
374255,2025-10-09,yes
374261,2025-10-22,yes
375078,2025-10-08,yes
375080,2026-02-06,yes
375168,2025-10-23,yes
375170,2025-10-23,yes
375219,2025-10-23,yes
375267,2025-12-07,yes
375273,2025-10-23,yes
375280,2025-10-22,yes
375284,2025-10-23,yes
375288,2025-10-23,yes
375793,2025-10-23,yes
375858,2025-10-23,yes
375871,2025-10-23,yes
376399,,no
376403,2025-10-23,yes
376406,2025-10-23,yes
376449,2025-10-22,yes
376454,2025-10-23,yes
376457,2025-10-23,yes
376462,2026-04-03,yes
376502,2025-10-23,yes
376503,2025-10-23,yes
376530,2025-10-23,yes
376538,2025-10-23,yes
376541,2025-10-23,yes
376544,2025-10-23,yes
376545,2025-10-23,yes
376549,2025-10-23,yes
377271,2025-10-22,yes
377308,2025-10-23,yes
377316,2025-10-10,yes
377359,2025-10-23,yes
377363,2026-02-26,yes
377395,,no
377398,2025-10-23,yes
377400,2025-10-23,yes
377402,,no
377408,2025-10-23,yes
377417,2026-01-10,yes
377426,2026-03-27,yes
377428,2025-10-23,yes
377429,2025-10-23,yes
377437,2025-10-23,yes
377438,2026-03-20,yes
377439,2025-10-09,yes
378081,2025-10-22,yes
378252,2025-10-23,yes
378256,2026-02-26,yes
378259,,no
378260,2025-10-10,yes
378266,2026-03-19,yes
378272,2026-02-06,yes
378273,2025-10-23,yes
378962,,no
378964,2025-10-23,yes
378969,2026-01-10,yes
378970,2025-10-22,yes
378993,2025-10-22,yes
379048,2025-10-23,yes
379097,2026-03-20,yes
379130,2025-10-07,yes
379134,2026-01-16,yes
379145,2025-10-23,yes
379146,2025-10-23,yes
379147,2026-01-10,yes
379160,2025-10-23,yes
379161,2025-10-23,yes
379164,2026-03-20,yes
379672,2026-02-06,yes
379675,2025-10-08,yes
379682,2025-11-23,yes
379800,2026-01-10,yes
379804,2025-10-23,yes
380326,2025-10-23,yes
380396,2026-02-14,yes
380428,2026-01-31,yes
380429,2026-04-11,yes
380431,2025-10-23,yes
380433,2026-02-20,yes
381022,,no
381023,,no
381055,,no
381056,,no
381058,,no
381060,,no
381068,,no
381754,2025-10-10,yes
381792,2025-10-23,yes
381793,2025-10-23,yes
381826,2025-10-23,yes
381827,2026-02-06,yes
381843,2025-10-23,yes
382409,2025-10-23,yes
382410,2025-11-23,yes
382425,2025-10-22,yes
382439,2026-03-27,yes
382448,,no
382471,,no
382497,2026-01-24,yes
382507,2025-11-17,yes
382520,2025-10-23,yes
382525,2025-10-23,yes
382717,2026-02-26,yes
382847,2026-02-27,yes
382884,2025-10-29,yes
383096,2025-11-29,yes
383191,2025-10-23,yes
383192,2025-10-23,yes
383193,2025-10-23,yes
383234,2025-10-07,yes
383380,2025-10-22,yes
383540,2026-01-31,yes
383552,2026-02-27,yes
383565,2025-10-23,yes
383583,2026-02-14,yes
383594,2025-10-22,yes
383601,2025-10-23,yes
384364,2025-10-23,yes
384365,2025-10-07,yes
384366,2025-12-21,yes
384399,2025-10-10,yes
384402,2025-10-09,yes
384433,2025-10-23,yes
384461,2026-01-10,yes
384462,2025-10-23,yes
384467,2025-10-23,yes
384472,2025-10-09,yes
384498,2026-03-09,yes
384512,2025-10-22,yes
385118,2026-01-10,yes
385148,2025-11-29,yes
385149,2025-11-29,yes
385154,2025-10-09,yes
385157,2025-10-23,yes
385199,2025-10-23,yes
385200,2025-10-22,yes
385213,2025-10-22,yes
385823,,no
385840,2025-10-08,yes
385849,2026-04-03,yes
385850,2025-10-23,yes
385871,,no
385884,2025-10-23,yes
385891,,no
385904,2025-11-29,yes
386425,2025-11-29,yes
386434,2025-10-23,yes
386436,2025-11-29,yes
386455,,no
386461,2026-02-20,yes
386465,2025-10-23,yes
386470,2025-10-23,yes
386480,2025-10-23,yes
386481,2025-10-23,yes
386493,2025-10-22,yes
387157,2026-02-27,yes
387213,2025-10-23,yes
387239,2025-10-22,yes
392227,2026-02-21,yes
387275,2025-10-22,yes
387714,2025-10-08,yes
387716,2026-03-27,yes
387727,2025-10-23,yes
387728,2026-01-16,yes
387745,,no
387777,2025-10-10,yes
387796,2026-01-10,yes
387808,2026-02-06,yes
387839,2025-10-09,yes
387840,2026-01-10,yes
387846,2025-10-23,yes
387876,2026-01-31,yes
387883,2025-10-22,yes
387892,2025-10-22,yes
388545,,no
388584,2025-10-09,yes
388586,2026-03-19,yes
388597,2025-10-23,yes
388611,2025-10-23,yes
388629,2026-01-31,yes
388631,2026-02-06,yes
388766,2025-12-07,yes
388783,2026-01-31,yes
388803,2025-11-29,yes
388804,2025-11-29,yes
388816,,no
388817,,no
388823,2026-03-27,yes
388844,2025-10-08,yes
388864,2026-02-26,yes
389765,2025-10-23,yes
389767,2025-10-09,yes
389787,2025-10-22,yes
389789,2026-01-16,yes
389790,2026-01-16,yes
389827,2025-10-08,yes
389832,2026-03-27,yes
389844,2025-10-10,yes
389848,2025-12-05,yes
389849,2025-10-22,yes
390294,2025-10-08,yes
390301,2026-02-26,yes
390315,2025-10-08,yes
390351,2025-12-07,yes
390361,2026-01-10,yes
390380,2026-03-19,yes
390392,2025-10-23,yes
390405,2025-10-23,yes
390417,2025-12-07,yes
391623,2025-11-29,yes
391637,2025-10-23,yes
391638,2025-10-23,yes
391658,2026-01-31,yes
391685,2026-03-20,yes
391693,2026-03-19,yes
392112,2026-01-31,yes
392119,,no
392171,2025-10-22,yes
392716,2026-04-03,yes
392757,2026-02-26,yes
392788,2026-02-06,yes
393234,2026-01-31,yes
393239,2025-10-23,yes
393337,2025-10-22,yes
393342,2025-10-10,yes
393343,2025-10-09,yes
393360,2026-02-20,yes
393849,2026-03-19,yes
393875,,no
393880,2026-03-19,yes
393892,,no
393913,2025-10-17,yes
394662,,no
394667,2025-11-29,yes
394708,2026-02-06,yes
394752,2026-03-19,yes
394776,2025-12-07,yes
394787,2025-10-22,yes
394792,2025-10-17,yes
395322,2026-03-27,yes
395365,2026-02-14,yes
395395,2025-10-31,yes
395547,2025-10-23,yes
395793,,no
395858,2026-03-19,yes
396298,2025-12-21,yes
396304,2025-12-13,yes
396308,2025-10-30,yes
396311,2026-02-14,yes
397257,2026-02-14,yes
397321,2026-03-09,yes
397366,,no
397971,,no
397972,,no
398006,,no
398055,2026-02-27,yes
398067,2025-12-07,yes
398075,2026-03-27,yes
398750,2026-04-03,yes
398804,2026-04-03,yes
398808,2026-03-27,yes
398817,2026-01-31,yes
401044,2026-03-09,yes
401058,2025-12-06,yes
401067,2026-03-19,yes
401068,2026-03-20,yes
401069,2026-01-16,yes
401102,2026-04-03,yes
401147,2025-12-06,yes
401160,2026-01-16,yes
401168,2026-02-06,yes
401773,2025-12-14,yes
401827,2025-12-14,yes
401841,2026-02-06,yes
401850,2025-12-14,yes
401851,2025-12-14,yes
402589,2026-03-09,yes
402614,,no
402619,,no
402633,2025-12-18,yes
403803,2026-03-20,yes
403807,2026-03-27,yes
403837,2026-01-17,yes
404355,2026-02-24,yes
404363,2026-04-11,yes
404404,2026-02-23,yes
404416,2026-01-24,yes
404964,,no
406866,2026-03-27,yes
406326,2026-03-26,yes
406336,2026-02-14,yes
407687,2026-03-19,yes
407688,2026-02-28,yes
407689,2026-02-28,yes
407831,2026-02-28,yes
407839,2026-02-28,yes
407850,2026-03-31,yes
408453,2026-03-09,yes
408478,2026-03-09,yes
408530,2026-03-09,yes
408552,2026-03-30,yes
409097,2026-03-14,yes
409099,2026-03-14,yes
411137,2026-04-04,yes